"name","connection","date","contacted"
"Emma Smith","James White",2023-11-01,0
"Olivia Brown","William Scott",2023-11-01,0
"Liam Davis","William Long",2023-11-01,0
"Ava Wilson","Elizabeth Davis",2023-11-01,0
"Isabella Jones","Liam Jenkins",2023-11-01,0
"Sophia Martinez","Henry Hill",2023-11-01,0
"Mia Anderson","Elijah Turner",2023-11-01,0
"Charlotte Taylor","Sophia Wright",2023-11-01,0
"Amelia Thomas","Emma Bennett",2023-11-01,0
"Harper Moore","Emily Harris",2023-11-01,0
"Evelyn Jackson","Abigail White",2023-11-01,0
"Abigail White","Evelyn Jackson",2023-11-01,0
"Emily Harris","Harper Moore",2023-11-01,0
"Elizabeth Martin","Charlotte Parker",2023-11-01,0
"Sofia Garcia","Ava King",2023-11-01,0
"Benjamin Miller","Charlotte Roberts",2023-11-01,0
"Elijah Anderson","Ava Campbell",2023-11-01,0
"Henry Rodriguez","Benjamin Ward",2023-11-01,0
"Oliver Gonzalez","James Reed",2023-11-01,0
"Samuel Lewis","Sophia Nelson",2023-11-01,0
"Michael Walker","Liam Adams",2023-11-01,0
"Sophia Hall","Nick Biddiscombe",2023-11-01,0
"Grace Baker","Abigail Cooper",2023-11-01,0
"Lucas Perez","Benjamin Roberts",2023-11-01,0
"William Green","Mia Murphy",2023-11-01,0
"Daniel Evans","Grace Bennett",2023-11-01,0
"Harper Murphy","Amelia Ward",2023-11-01,0
"Mia Turner","Isabella Adams",2023-11-01,0
"Ava King","Sofia Garcia",2023-11-01,0
"Elizabeth Parker","Emily Watson",2023-11-01,0
"Daniel Scott","Michael Davis",2023-11-01,0
"Abigail Cooper","Grace Baker",2023-11-01,0
"Grace Bennett","Daniel Evans",2023-11-01,0
"Mia Wood","Alexander Wood",2023-11-01,0
"Henry Hill","Sophia Martinez",2023-11-01,0
"Liam Adams","Michael Walker",2023-11-01,0
"Olivia Ross","Mia Jenkins",2023-11-01,0
"Emma Hayes","Alexander Young",2023-11-01,0
"William Long","Liam Davis",2023-11-01,0
"James Reed","Oliver Gonzalez",2023-11-01,0
"Emily Watson","Elizabeth Parker",2023-11-01,0
"Alexander Brooks","Harper Turner",2023-11-01,0
"Chloe Price","Mia Wilson",2023-11-01,0
"Daniel Carter","Emily King",2023-11-01,0
"Liam Harris","Olivia Torres",2023-11-01,0
"Harper Mitchell","Grace Anderson",2023-11-01,0
"Sophia Nelson","Samuel Lewis",2023-11-01,0
"Benjamin Roberts","Lucas Perez",2023-11-01,0
"Ava Campbell","Elijah Anderson",2023-11-01,0
"Elizabeth Davis","Ava Wilson",2023-11-01,0
"Noah Flores","Emily Nelson",2023-11-01,0
"Mia Jenkins","Olivia Ross",2023-11-01,0
"Elijah Turner","Mia Anderson",2023-11-01,0
"Charlotte Parker","Elizabeth Martin",2023-11-01,0
"Isabella Adams","Mia Turner",2023-11-01,0
"Mia Murphy","William Green",2023-11-01,0
"Olivia Torres","Liam Harris",2023-11-01,0
"Benjamin Ward","Henry Rodriguez",2023-11-01,0
"Sophia Wright","Charlotte Taylor",2023-11-01,0
"Henry Bennett","Liam Peterson",2023-11-01,0
"Michael Davis","Daniel Scott",2023-11-01,0
"Daniel Martinez","Benjamin Reed",2023-11-01,0
"Emily Nelson","Noah Flores",2023-11-01,0
"Grace Foster","Michael Allen",2023-11-01,0
"William Rivera","Olivia Cooper",2023-11-01,0
"Liam Peterson","Henry Bennett",2023-11-01,0
"Alexander Wood","Mia Wood",2023-11-01,0
"Mia Powell","Noah Murphy",2023-11-01,0
"Harper Hayes","Sophia Martin",2023-11-01,0
"Olivia Cooper","William Rivera",2023-11-01,0
"Benjamin Reed","Daniel Martinez",2023-11-01,0
"Emma Bennett","Amelia Thomas",2023-11-01,0
"Noah Murphy","Mia Powell",2023-11-01,0
"Sophia Martin","Harper Hayes",2023-11-01,0
"Liam Jenkins","Isabella Jones",2023-11-01,0
"Ava Smith","Olivia Davis",2023-11-01,0
"Grace Anderson","Harper Mitchell",2023-11-01,0
"Mia Wilson","Chloe Price",2023-11-01,0
"Olivia Davis","Ava Smith",2023-11-01,0
"Charlotte Roberts","Benjamin Miller",2023-11-01,0
"Amelia Ward","Harper Murphy",2023-11-01,0
"Harper Turner","Alexander Brooks",2023-11-01,0
"Emily King","Daniel Carter",2023-11-01,0
"William Scott","Olivia Brown",2023-11-01,0
"James White","Emma Smith",2023-11-01,0
"Michael Allen","Grace Foster",2023-11-01,0
"Alexander Young","Emma Hayes",2023-11-01,0
"Nick Biddiscombe","Sophia Hall",2023-11-01,0
