name,connection,date
Emma Smith,James White,01/11/2023
Olivia Brown,William Scott,01/11/2023
Liam Davis,William Long,01/11/2023
Ava Wilson,Elizabeth Davis,01/11/2023
Isabella Jones,Liam Jenkins,01/11/2023
Sophia Martinez,Henry Hill,01/11/2023
Mia Anderson,Elijah Turner,01/11/2023
Charlotte Taylor,Sophia Wright,01/11/2023
Amelia Thomas,Emma Bennett,01/11/2023
Harper Moore,Emily Harris,01/11/2023
Evelyn Jackson,Abigail White,01/11/2023
Abigail White,Evelyn Jackson,01/11/2023
Emily Harris,Harper Moore,01/11/2023
Elizabeth Martin,Charlotte Parker,01/11/2023
Sofia Garcia,Ava King,01/11/2023
Benjamin Miller,Charlotte Roberts,01/11/2023
Elijah Anderson,Ava Campbell,01/11/2023
Henry Rodriguez,Benjamin Ward,01/11/2023
Oliver Gonzalez,James Reed,01/11/2023
Samuel Lewis,Sophia Nelson,01/11/2023
Michael Walker,Liam Adams,01/11/2023
Sophia Hall,Nick Biddiscombe,01/11/2023
Grace Baker,Abigail Cooper,01/11/2023
Lucas Perez,Benjamin Roberts,01/11/2023
William Green,Mia Murphy,01/11/2023
Daniel Evans,Grace Bennett,01/11/2023
Harper Murphy,Amelia Ward,01/11/2023
Mia Turner,Isabella Adams,01/11/2023
Ava King,Sofia Garcia,01/11/2023
Elizabeth Parker,Emily Watson,01/11/2023
Daniel Scott,Michael Davis,01/11/2023
Abigail Cooper,Grace Baker,01/11/2023
Grace Bennett,Daniel Evans,01/11/2023
Mia Wood,Alexander Wood,01/11/2023
Henry Hill,Sophia Martinez,01/11/2023
Liam Adams,Michael Walker,01/11/2023
Olivia Ross,Mia Jenkins,01/11/2023
Emma Hayes,Alexander Young,01/11/2023
William Long,Liam Davis,01/11/2023
James Reed,Oliver Gonzalez,01/11/2023
Emily Watson,Elizabeth Parker,01/11/2023
Alexander Brooks,Harper Turner,01/11/2023
Chloe Price,Mia Wilson,01/11/2023
Daniel Carter,Emily King,01/11/2023
Liam Harris,Olivia Torres,01/11/2023
Harper Mitchell,Grace Anderson,01/11/2023
Sophia Nelson,Samuel Lewis,01/11/2023
Benjamin Roberts,Lucas Perez,01/11/2023
Ava Campbell,Elijah Anderson,01/11/2023
Elizabeth Davis,Ava Wilson,01/11/2023
Noah Flores,Emily Nelson,01/11/2023
Mia Jenkins,Olivia Ross,01/11/2023
Elijah Turner,Mia Anderson,01/11/2023
Charlotte Parker,Elizabeth Martin,01/11/2023
Isabella Adams,Mia Turner,01/11/2023
Mia Murphy,William Green,01/11/2023
Olivia Torres,Liam Harris,01/11/2023
Benjamin Ward,Henry Rodriguez,01/11/2023
Sophia Wright,Charlotte Taylor,01/11/2023
Henry Bennett,Liam Peterson,01/11/2023
Michael Davis,Daniel Scott,01/11/2023
Daniel Martinez,Benjamin Reed,01/11/2023
Emily Nelson,Noah Flores,01/11/2023
Grace Foster,Michael Allen,01/11/2023
William Rivera,Olivia Cooper,01/11/2023
Liam Peterson,Henry Bennett,01/11/2023
Alexander Wood,Mia Wood,01/11/2023
Mia Powell,Noah Murphy,01/11/2023
Harper Hayes,Sophia Martin,01/11/2023
Olivia Cooper,William Rivera,01/11/2023
Benjamin Reed,Daniel Martinez,01/11/2023
Emma Bennett,Amelia Thomas,01/11/2023
Noah Murphy,Mia Powell,01/11/2023
Sophia Martin,Harper Hayes,01/11/2023
Liam Jenkins,Isabella Jones,01/11/2023
Ava Smith,Olivia Davis,01/11/2023
Grace Anderson,Harper Mitchell,01/11/2023
Mia Wilson,Chloe Price,01/11/2023
Olivia Davis,Ava Smith,01/11/2023
Charlotte Roberts,Benjamin Miller,01/11/2023
Amelia Ward,Harper Murphy,01/11/2023
Harper Turner,Alexander Brooks,01/11/2023
Emily King,Daniel Carter,01/11/2023
William Scott,Olivia Brown,01/11/2023
James White,Emma Smith,01/11/2023
Michael Allen,Grace Foster,01/11/2023
Alexander Young,Emma Hayes,01/11/2023
Nick Biddiscombe,Sophia Hall,01/11/2023
